original_url,short_url
http://sousmonarbre.com/qphj/bd963843d2239ed78aa6f7b0a36b537d/qdp/shapely-table-mat-design-office-bay-decoration-mes-at-work-decorating-ideas-office-decoration-mes-design-ideas-cream-wall-paint-decoration-messroom-wooden-laminate-ing-tosca-color__office-decorating-ideas.jpg,https://short.ly/ipY__m4
https://doodleart.redbull.com/assets/managed/entries/processed/sm/367010617181759_36211000.jpg,https://short.ly/Ffvwjno
https://www.justcolor.net/wp-content/uploads/sites/1/nggallery/doodle-art-doodling/coloring-page-adults-doodle-art-rachel.jpg,https://short.ly/3jsw7C9
https://i.pinimg.com/originals/e5/55/a3/e555a39ca5457a079a9bcce59f61f8d5.jpg,https://short.ly/49PPpUw
http://canhotopazelite.info/wp-content/uploads/2018/08/office-bay-decoration-themes-with-office-bay-decoration-themes-elegant-yet-fun-office-bay-decoration-14.jpg,https://short.ly/9jekypA
https://i.pinimg.com/originals/ef/4c/91/ef4c91fb73e61e19211a0589187ccaa6.jpg,https://short.ly/uP7AcN9
https://static.vecteezy.com/system/resources/previews/000/107/464/non_2x/huge-doodle-vector-pack.jpg,https://short.ly/dzK5zWq
https://i.ytimg.com/vi/O5u1apUkYV0/maxresdefault.jpg,https://short.ly/kL-F62d
https://media.glassdoor.com/l/e9/c1/7a/84/independence-day-celebration.jpg,https://short.ly/0AZR4Tw
